ph,Hardness,Solids,Chloramines,Sulfate,Conductivity,Organic_carbon,Trihalomethanes,Turbidity,LR_Potability,LR_Potability2,RF_Potability,RF_Potability2,NN_Potability,NN_Potability2
5.726336216,191.7522897,35899.28031,8.066654024,378.7746046,307.9875511,12.56872068,60.19235078,3.912289082,0,0,0,0,1,1
8.080415244,166.8917001,18136.12886,6.86755296,329.5806789,600.937203,16.30779009,55.58614173,4.070824292,0,0,0,0,0,0
5.27418539,227.340186,17605.53576,6.326979503,358.589903,489.4345906,11.19919093,43.37680777,4.364426392,0,0,1,0,1,1
8.167767663,144.9029318,36185.67854,4.545520137,297.9602299,605.4588934,20.22207487,53.90817735,3.41068554,0,0,1,0,1,1
2.128531434,192.696422,24905.28452,7.757769765,383.5198922,473.5500653,14.28649324,56.34782991,3.842109417,0,0,0,0,1,1
4.737391257,215.5295107,30684.21164,8.781904578,295.3505243,313.513502,11.07028905,62.9144208,3.853388072,0,0,0,0,0,0
7.66518778,209.9972465,22993.72935,5.543901316,343.4942197,417.7389884,7.750606555,63.55182239,2.707129162,0,0,0,0,1,1
6.776879088,189.4388127,19663.79131,8.386403518,375.4573453,420.3573924,14.83156005,61.0504197,3.322065007,0,0,0,0,0,0
6.164927293,206.0405843,22805.6115,4.39883127,281.8968818,409.3576794,16.89572509,61.72587637,4.169660978,0,0,0,0,1,1
7.595228724,188.3732817,32869.47441,6.745588412,365.2086922,326.6271313,13.88332895,73.43822049,3.497604114,0,0,0,0,1,1
10.19166524,211.5669045,13630.04731,6.524476299,297.0490657,468.3713868,17.41174671,72.7205726,3.403422698,0,0,0,0,1,1
5.204938763,232.8827254,17818.39449,7.300265028,328.81876,404.003888,12.86641996,55.49833107,3.439561019,0,0,0,0,0,0
6.512900833,169.2174798,25151.41157,4.613310783,375.612318,296.074382,15.08869952,74.07592557,4.404040365,0,0,1,1,0,0
7.332103963,185.4150767,24412.50354,7.253851858,319.0050711,310.2619742,14.94221731,80.77427549,3.901096866,0,0,0,0,0,0
5.218989651,164.7909916,27007.88691,6.592516959,357.0828184,422.2238018,14.07087898,73.92031968,4.383942554,0,0,0,0,1,1
8.63127,164.3711691,14880.6518,7.278263165,350.9515814,444.1081117,16.85745879,58.17786718,3.640944003,0,0,0,0,1,1
6.966835168,158.0430653,12256.67829,7.105619057,371.5174351,382.4438627,14.40808047,78.10073532,2.957441071,0,0,0,0,1,1
4.292966858,212.8086454,30434.26912,8.630313014,333.4825401,382.922363,15.77992197,39.77551322,2.804923583,0,0,0,0,1,1
3.641629777,183.9087223,24752.07246,5.538314133,286.059556,456.8600959,9.034066753,73.59465676,3.464353035,0,0,0,0,0,0
8.005016372,187.2305346,49341.42128,4.339310242,300.697128,437.3255073,13.97201408,86.67732849,5.288776597,0,0,1,1,1,1
4.26526964,199.4994515,25634.53328,5.914884438,260.2612056,300.5479288,12.1987325,55.94236583,4.900446069,0,0,0,0,1,1
7.276863125,154.9259717,30037.22162,5.796570971,252.0672672,311.7500192,13.9046523,77.53204198,4.11358503,0,0,1,0,0,0
8.975464348,279.3571668,19460.39813,6.204320859,316.5527914,431.44399,12.88875905,63.8212371,2.43608559,0,0,0,0,0,0
5.404510674,258.9034888,10168.17654,9.648197064,248.7119634,396.9112142,15.51220766,65.80533075,3.998175886,0,0,0,0,1,1
4.292966858,188.4454695,28791.61442,8.040356351,382.0094766,422.2348606,10.5756901,63.23536504,3.228379217,0,0,0,0,0,0
6.032188903,200.4207555,32882.15594,6.516518928,352.0186379,349.9821732,14.10482106,43.37680777,3.423831621,0,0,0,0,0,0
6.832217388,226.2708237,15380.12408,6.661473866,326.6243535,392.5582049,14.08310964,50.28639473,4.516869764,0,0,0,0,1,1
5.036453976,190.1645202,29258.73814,4.991061122,300.4759248,332.3597146,11.05580115,116.1616216,3.534665425,0,0,1,0,1,1
7.976900874,234.7793796,15360.83507,5.736026878,377.1781189,613.6335477,14.19127381,48.91588146,4.753607931,0,0,0,0,0,0
6.769769339,178.3317527,16980.25848,7.051697433,369.9062775,299.4049766,18.70365696,62.86852727,3.846611901,0,0,0,0,1,1
9.57822672,205.7487423,33080.58883,5.659847929,356.6983008,333.0699111,16.98496143,68.90608803,3.419238762,0,0,0,0,0,0
6.901863449,164.7234862,20442.61501,5.163931373,341.537089,468.4163498,10.36262263,65.69487776,4.047907292,0,0,0,0,1,1
6.975209178,175.4210394,35701.15532,5.494254342,290.0528022,401.0588017,10.28528265,66.4205789,5.25648355,0,0,1,1,0,0
5.04562573,179.7025031,22557.6036,10.12033402,296.4251538,450.2956957,14.21581713,82.06633367,3.331786641,0,0,0,1,1,1
7.521920636,198.3546264,20139.43035,7.177654989,369.5529578,603.0549559,13.77360984,84.81677108,3.110932391,0,0,0,0,0,0
5.757088957,148.9891464,32415.73362,9.178560477,319.2229356,407.7417133,12.12095586,42.21884487,3.730185467,0,0,0,1,1,1
7.475536902,215.4291024,31359.38646,7.498494554,337.4623787,477.2350531,12.18630951,53.90882037,4.015574262,0,0,0,0,0,0
6.166348223,210.0865581,37922.90562,6.760220715,294.3477322,217.3583296,12.28923761,39.9780961,4.816304244,0,0,0,1,0,0
8.713482927,192.2021681,34160.92514,8.963155528,363.4727979,474.7817344,15.90527043,50.80782512,2.998335472,0,0,0,0,0,0
8.846281957,188.4150006,17734.94963,6.057867647,317.1505445,419.3955691,17.11544677,60.25157823,2.925037558,0,0,0,0,1,1
4.908899724,161.2431922,13516.91149,8.206211929,343.3052882,535.2245167,14.35610131,71.44491514,4.196429497,0,0,0,0,1,1
6.320427823,210.3100428,11682.22932,6.968422638,311.7778219,375.9645578,11.973422,62.96046258,4.553380743,0,0,0,0,0,0
8.072612403,210.2697797,16843.36393,8.793458648,359.5161693,559.1675739,17.26357604,68.73898911,5.082206247,0,0,0,0,1,1
8.051022203,195.8746342,17749.29866,7.556750344,348.4749425,512.4544684,15.48527563,54.13265784,2.775635434,0,0,0,0,1,1
6.283318587,228.5248386,11601.64238,6.322219152,352.5058976,414.7844425,11.67967582,88.34594023,4.153989991,0,0,0,0,0,0
10.30157127,199.6093636,11278.82968,7.464893143,433.4481681,461.9792858,17.09909636,63.19083547,3.857851975,0,0,0,0,0,0
6.039823242,187.0432834,24634.55244,9.081880473,278.7422964,443.8433994,11.0539246,74.10818032,3.498716819,0,0,0,0,0,0
8.528292138,134.3111598,8076.822283,5.322111986,305.8285533,599.6145353,9.253350629,100.335665,3.373936508,0,0,0,0,1,1
6.624572528,172.0554707,14877.28974,7.07993397,338.4412768,405.8180972,15.65614883,58.56053052,4.333720849,0,0,0,0,1,1
7.714312672,191.6926397,19789.63608,7.856556902,340.3263144,377.9263683,18.91702672,58.69220411,4.42513397,0,0,0,0,1,1
5.03377399,155.3214775,34971.80748,7.121477448,320.115497,500.6373262,18.31249854,63.19330599,3.244948477,0,0,0,1,0,0
7.602121475,199.3531655,11346.14345,6.900379647,304.9664881,210.319182,17.92578239,62.84667263,3.698874769,0,0,0,0,1,1
6.125810325,241.4435346,8810.89581,5.740321173,369.022715,367.9679432,16.81650685,47.66172717,4.953057691,0,0,1,0,0,0
8.570129121,200.0718748,9782.344284,5.661696967,314.1400562,511.1615111,11.85608904,66.04841335,4.604404561,0,0,0,0,1,1
5.896339346,178.6780937,17420.08715,5.292162419,328.2095662,473.6866933,16.43771518,79.47117721,5.032854921,0,0,0,0,1,1
7.371289877,180.7365263,25672.312,7.377422363,310.5674671,298.0530573,12.6716071,27.55935488,4.084696775,0,0,0,1,0,0
6.396569931,243.7247069,12278.98528,6.794551403,272.0850572,489.4493051,17.63803947,75.51905904,4.188249712,0,0,0,0,1,1
10.1119767,240.4321002,15331.30269,5.392651282,361.9029262,403.0418101,16.13112429,61.11114634,3.425763242,0,0,0,0,0,0
6.191241443,231.3227967,29778.35788,4.38109672,248.3043909,488.9541644,13.02213512,54.0608511,3.315070593,0,0,1,0,1,1
6.271012171,138.5257115,17905.48002,7.929303294,399.5036111,485.4231793,17.66736628,36.05826169,5.437429061,0,0,1,0,1,1
7.108140711,148.6246065,23688.20522,7.003487667,339.112673,259.9637626,17.21857543,56.04493436,4.015246444,0,0,0,0,0,0
5.329938815,196.0346231,24000.52314,5.729574899,335.0923218,511.7051873,18.58809063,68.45803745,5.79932235,0,0,0,1,1,1
7.033495055,191.8802166,29322.7407,9.027056983,274.2923054,496.1982994,17.19164621,42.86468215,3.678957092,0,0,1,0,0,0
7.312109304,199.8129989,14540.73508,8.827413554,276.1182819,486.9837343,17.27165578,70.13560786,5.123871935,0,0,1,0,1,1
8.016279103,211.0293038,14034.4858,9.796999515,389.3387958,491.0790821,14.51299105,35.56596645,4.308222881,0,0,1,1,0,0
6.09801209,211.4540103,39352.77584,6.212191253,368.897034,488.1413127,11.79184027,46.92804133,4.590616741,0,0,1,1,0,0
6.848033469,165.8153256,6068.454885,6.132131504,373.2068337,442.7862667,11.11817146,64.02759951,4.257037543,0,0,0,0,1,1
6.593764313,233.5141325,25589.61059,9.785695834,328.81876,489.7034439,14.38960913,46.46398161,2.346578095,0,0,0,0,0,0
6.330732765,193.0912601,17777.10009,6.087949054,290.7959545,543.1149525,10.71758822,87.39912189,3.878664155,0,0,0,0,1,1
8.727778876,202.4195048,25521.88922,3.830238422,326.9079236,461.9588119,16.61145787,104.3732501,3.831540451,0,0,0,0,1,1
3.783043638,157.8526449,20384.7731,4.667081744,300.0486912,432.4318223,12.70142233,48.91588146,4.402244146,0,0,0,0,1,1
7.333477726,233.7213551,16066.55212,8.181988065,224.212503,401.7393087,15.31397775,81.84206216,4.772662701,0,0,0,0,1,1
6.832217388,164.2743931,14015.04477,6.055985023,281.6780401,389.9780973,14.83663674,44.36757376,3.145415511,0,0,0,0,1,1
9.484703254,122.9069908,56351.3963,4.219710533,219.5534368,480.8480635,13.53343295,41.73121923,4.132274238,0,0,1,0,1,1
7.617014109,214.4043627,29818.09504,6.508853439,298.3518502,494.9455371,13.31022369,70.04800689,3.800552599,0,0,0,0,0,0
4.96577356,220.8486386,21802.7449,6.250578031,311.598136,386.4133315,18.03523754,53.90817735,3.421766849,0,0,0,0,1,1
8.29372011,206.1604149,35216.38597,6.440999766,347.0622407,399.4836212,16.06566794,79.95451096,3.954715283,0,0,0,0,1,1
9.901930594,206.7464692,13180.6778,5.878834626,316.391974,426.5348075,14.32187374,75.40875413,4.226949554,0,0,0,0,1,1
5.088213197,159.9626123,39125.2092,6.055622508,375.619186,400.1553243,20.18959951,68.68869382,2.600618679,0,0,0,0,0,0
4.429378735,256.2125652,8746.901717,9.010332225,311.553679,432.1079346,16.30747374,71.70459492,4.271167637,0,0,0,0,0,0
8.357612993,163.0982545,34989.04708,7.696942683,317.3016801,404.4926142,8.27188162,67.59815754,4.366242228,0,0,1,1,0,0
6.412707042,225.287704,22511.69262,7.05757788,377.1289704,291.3537014,11.59002511,72.5085229,4.081701398,0,0,1,0,1,1
8.849702725,114.733545,13677.99404,9.981200456,441.8267766,524.0003552,11.38485847,71.15328466,3.293848374,0,0,1,0,1,1
6.319431545,180.9656209,36278.71831,9.960552065,275.5917457,307.6913606,18.19693095,93.59424603,2.653126688,0,0,0,0,0,0
9.16099754,241.3830971,28170.8851,6.819603096,262.572042,568.4205679,8.120978575,48.25957164,3.542527793,0,0,0,0,0,0
8.029181613,158.0403984,19663.46943,8.433448388,283.2704951,431.3047161,20.69619806,59.97292857,4.388551012,0,0,1,0,0,0
7.595669984,207.1154702,13486.14219,6.192662701,328.2095662,452.445746,14.81063041,88.02036523,3.403393177,0,0,0,0,1,1
8.801933555,225.8954683,23659.21152,2.458609195,408.4178656,446.9924646,14.34081773,42.80091095,3.769831936,0,0,0,1,1,1
7.330196877,159.8037202,14884.33996,9.19457484,411.1006917,404.1959121,17.37573935,51.15397221,2.884715098,0,0,1,0,1,1
7.278910903,135.2592725,22184.52703,7.15654054,357.9097952,480.1431086,11.31600157,54.94399196,4.201577247,0,0,0,0,0,0
9.484703254,205.3041489,12190.1716,7.044833011,313.4117075,374.523197,11.83831294,47.65364194,5.026270726,0,0,0,0,1,1
7.083779061,112.820254,8580.245561,4.210284081,234.8526993,434.7477154,23.39951606,94.1603073,3.887680685,0,0,0,1,1,1
8.189363356,229.6084993,13197.56681,6.007956224,334.0542887,605.4657471,14.86137709,103.3228547,3.688298056,0,0,0,0,0,0
8.228563825,182.1969054,18132.0944,6.712006974,335.7805183,569.9348878,15.11934752,63.35970553,2.781944108,0,0,0,0,1,1
7.803833221,223.6881109,37376.79299,6.664969395,251.4434997,343.7640131,16.6974084,74.78243416,2.907387267,0,0,0,0,1,1
3.832917409,218.72384,23535.0289,6.475402064,352.5058976,421.183478,19.27356051,58.90369803,4.768660397,0,0,0,0,0,0
8.307462969,229.9412343,18452.64557,6.895145947,338.4837028,464.9009848,9.512102516,84.05341481,4.625729242,0,0,0,0,1,1
7.054266774,212.4291243,7450.074375,8.727110118,328.1395817,396.0527818,11.38395352,75.21933821,4.780615832,0,0,0,0,0,0
7.463915951,215.4790683,27150.3954,7.782915308,382.9587368,403.7035016,14.77709169,56.95693886,5.075843604,0,0,1,1,1,1
7.912361028,211.376444,34808.44278,8.913364275,324.5051897,594.8992901,16.68198993,72.04808258,2.878515631,0,0,0,0,1,1
5.961301572,182.108995,23926.07882,6.188790308,364.975499,567.5261592,7.791637811,58.17482529,4.919585047,0,0,0,0,0,0
4.704698462,208.8377106,11609.99716,6.445280106,352.9160163,407.0173979,7.070771158,76.38352083,3.813435553,0,0,1,0,0,0
6.35943131,208.2030206,23347.17271,9.000395498,256.6300682,336.5856104,14.17390623,80.42371545,3.636494911,0,0,0,0,0,0
6.246264054,163.2180384,26408.88177,6.02967048,429.0223118,509.9568642,23.56964491,19.17517454,5.044454778,0,0,0,0,0,0
6.792407469,306.6274814,28508.21693,6.811415525,293.0783048,306.1155393,9.006142614,60.91203353,2.505650441,0,0,0,0,0,0
7.197795992,168.6409754,12763.26789,6.89759414,375.8011301,566.2506937,12.43757097,65.74671735,3.844013287,0,0,0,0,1,1
6.418203057,173.4462138,19617.30849,7.396472119,321.8652502,391.6674664,18.45395077,46.34586378,2.670976747,0,0,0,0,1,1
6.153495924,163.205548,48175.85209,7.153803397,299.5667509,344.7169755,5.159380308,55.5289486,4.819970458,0,0,0,1,0,0
5.412119545,272.5146852,2835.303165,5.778010263,342.6734093,347.8044159,15.30774609,66.66147887,5.680346587,0,0,1,0,1,1
7.025305942,202.809081,23502.8578,5.2390132,335.5487189,471.1317159,13.89151934,63.75185484,5.989542791,0,0,0,1,0,0
3.410359671,202.8824295,17505.85274,7.104365819,310.5328366,429.2898954,17.95896801,78.58753831,3.537040785,0,0,0,0,0,0
8.389945659,213.6656848,17674.70615,8.348814761,344.1272534,471.3698805,19.30124821,70.82951341,3.569717312,0,0,0,0,0,0
8.075494508,195.8049958,29483.60185,10.49384092,298.7372193,321.7483389,9.751086325,72.73442314,3.682919645,0,0,1,1,0,0
5.895948983,187.1536166,37118.25544,4.600729971,253.1584686,531.1691009,11.41018355,77.28655067,3.659652968,0,0,1,1,1,1
6.492403122,234.914512,18607.21319,8.620697295,302.1313059,442.1042076,14.11682361,65.63675858,4.383394692,0,0,0,0,1,1
8.860450854,193.7431052,24085.11214,6.183109518,330.7195488,526.7049237,9.901327632,81.33933981,4.677713327,0,0,0,0,1,1
4.581968728,186.0979153,33897.0682,6.358402296,316.5527914,406.382378,19.69984804,62.32330348,4.500207625,0,0,0,0,1,1
9.066628054,203.3841234,22710.45837,5.962836939,321.5859356,496.1614524,18.3676209,76.41651045,4.055421251,0,0,0,0,1,1
6.904536858,110.8657883,32981.25838,2.621267556,368.387038,417.2493946,12.11872032,33.49938102,5.058905448,0,0,0,0,0,0
5.271971378,193.1695095,22005.43655,6.183950032,267.8256479,351.4802796,15.66438186,68.61587629,4.119436475,0,0,0,0,1,1
8.357612993,212.7053322,25626.48105,8.590184464,338.6635348,330.2533754,11.05283837,64.47200138,4.219225569,0,0,1,0,0,0
4.405327147,168.0424651,18564.37206,8.562156382,345.2052222,419.1315765,18.4598902,59.70020966,2.962432971,0,0,0,0,0,0
7.83431924,171.2887849,25918.56795,8.589393961,307.2286661,448.564049,16.407803,60.18211487,3.532936096,0,0,0,0,1,1
6.891549222,184.0746276,13376.68047,6.866434553,333.8024747,508.6811449,16.58620538,81.7128488,4.958936841,0,0,0,0,1,1
7.035036795,220.5018877,19746.49325,7.059382856,371.9126148,536.1839,15.30343324,67.90175839,4.557028866,0,0,1,0,1,1
6.572656389,192.6473336,14598.95191,6.164621289,314.1400562,343.8952418,17.34380558,53.08548042,2.820927249,0,0,0,0,1,1
5.905906954,223.1418815,13464.48716,9.125163916,378.1083058,337.8582636,13.53166045,42.84451085,2.917284056,0,0,1,1,0,0
8.849702725,197.7790469,20129.35879,5.182435715,329.5021044,356.4767227,11.88286121,45.706793,2.987671524,0,0,0,1,1,1
4.560916536,165.7731189,22939.14438,7.988231918,352.7935278,323.7832771,13.56415012,79.3165852,4.123621736,0,0,0,0,1,1
6.069615757,182.1005728,17423.40799,6.815718722,211.8515923,495.5131279,11.55837189,85.86411873,3.5681966,0,0,0,0,0,0
5.097786226,139.9553504,31421.1445,6.627704891,346.4411554,378.7710756,17.54448464,54.79876743,4.536181266,0,0,0,0,0,0
7.874671358,186.5952548,29496.91016,8.117747762,378.4305007,616.1752428,14.96277971,65.44456252,2.475284464,0,0,0,0,0,0
5.455599352,152.3867347,37620.24847,5.783579819,377.1781189,343.4175878,14.40165409,41.10986937,4.476348715,0,0,0,0,1,1
7.966856824,186.353361,21440.73885,7.832473708,393.7670457,461.3562275,13.91386963,86.12181104,5.115430914,0,0,0,0,1,1
6.770095146,201.6508542,25887.63172,9.367532688,327.6194527,519.3803669,17.72030029,90.06484922,5.203461367,0,0,0,0,0,0
7.312109304,192.447171,18257.56927,7.472249066,313.7765458,462.4024491,13.93214538,53.18591655,4.358298341,0,0,0,0,0,0
7.021617481,203.2011966,12352.81111,6.845743997,380.804054,435.6743931,14.50701312,68.23338555,3.85563625,0,0,0,0,0,0
9.058628424,155.3575571,15737.46894,7.251978855,343.233977,463.389256,17.85447002,83.17518934,3.65213447,0,0,0,0,1,1
6.615981652,184.9937315,19764.62744,7.505091883,294.241392,293.4779981,12.9341595,61.42879055,3.017984971,0,0,1,0,1,1
7.802426084,238.4095981,26493.07621,8.669944103,311.553679,369.2838639,11.75993045,91.2392992,3.241267187,0,0,0,0,0,0
8.757110512,185.4193669,31040.88449,8.544763659,290.7959545,408.0957972,18.2352202,72.29966228,3.80879301,0,0,0,0,1,1
8.692115322,144.2363578,2552.962804,9.202633941,347.9751368,517.4274709,13.96342114,42.38866132,2.283475159,0,0,1,1,1,1
6.784279329,140.3667086,17569.57982,4.084932416,318.6104785,374.18184,10.63423012,97.08705976,4.045547056,0,0,0,1,1,1
6.225152013,169.7411715,29533.60883,5.574917123,326.3348629,380.1147511,17.59550987,75.51905904,2.770822653,0,0,0,0,0,0
10.62882091,193.4331628,14054.12549,10.32848897,327.0641849,479.4025091,14.07578735,66.36750317,5.140449467,0,0,0,0,1,1
5.400700138,197.9189928,9968.962738,7.878997796,300.0486912,503.8963569,17.40892171,77.38284144,3.555737566,0,0,0,0,1,1
7.417570368,193.7718784,23207.09284,7.472115296,330.6357882,496.1051876,15.74435294,73.18747547,4.671557881,0,0,0,0,0,0
6.953864226,209.638293,10575.18628,4.462707246,315.6065944,391.1843151,13.28533392,87.39088898,3.195710328,0,0,0,0,0,0
5.648628538,167.0300972,14547.88548,7.735347786,274.2923054,347.7923206,10.68976878,75.28868753,5.370004183,0,0,0,0,1,1
7.184697763,189.7583964,13317.46811,7.83232039,378.6754561,541.3060967,12.49217851,41.69618315,3.904063423,0,0,0,0,1,1
8.927078148,241.875105,22821.25438,8.549738274,367.9755579,380.1972,10.85928728,75.85706782,4.601860959,0,0,0,0,1,1
7.276863125,165.7979519,30396.90462,7.835638736,281.8968818,475.6460515,12.3261836,83.39988926,6.083772354,0,0,1,0,1,1
4.941972157,166.7104405,19806.4113,8.031864863,426.1575186,352.0390921,15.49688693,68.60840187,5.076146746,0,0,1,0,1,1
7.76414261,186.1324319,25926.07564,8.011206636,322.0904652,399.1317179,22.84652911,35.24367839,4.105178268,0,0,0,0,1,1
10.41504401,229.7253484,22444.55941,5.702174923,320.9900505,389.0308888,15.501543,34.24621224,3.85115424,0,0,0,0,1,1
8.639540978,168.6139666,7013.211787,8.451601045,355.2138966,419.788898,17.92939462,33.6415395,4.192932215,0,0,0,0,0,0
6.144759038,210.9797475,19981.31519,9.203614112,271.0971043,332.5981262,17.18796335,79.63424204,3.082080496,0,0,0,0,0,0
5.584086638,188.3133238,28748.68774,7.544868789,326.6783629,280.4679159,8.39973464,54.91786184,2.559708228,0,0,0,0,1,1
6.727185265,197.439216,26012.48875,6.952008033,346.6287352,473.3300783,18.43783528,69.46628908,4.158248535,0,0,0,0,0,0
6.643026538,205.2331194,20511.36924,5.908110988,313.353813,455.693256,16.02194073,52.15347185,3.709988662,0,0,0,0,0,0
8.040392261,193.4002675,30630.75994,6.873568148,342.1932395,430.3956004,17.44681822,49.88365316,2.913048443,0,0,0,0,0,0
6.629993518,209.1570219,20487.92383,7.278911619,332.8775737,524.8833294,20.75175131,60.23684354,3.155213653,0,0,0,0,1,1
7.803833221,229.4856937,35729.69271,8.810843045,384.9437789,296.3975472,16.92709218,46.85452354,3.855602212,0,0,0,0,0,0
5.624819996,215.8228726,9028.760345,9.256097772,274.2923054,340.6483926,10.68067274,72.48745023,4.355489162,0,0,0,1,1,1
7.316804754,217.522862,31903.39981,9.865047503,376.9379723,425.9134002,8.992754272,69.50921982,3.50837265,0,0,1,1,1,1
7.393977957,209.6192142,17939.7047,7.233735968,331.6746497,349.2096228,13.57934867,68.15246724,3.782727581,0,0,0,0,1,1
8.96969739,195.7447648,9049.682595,7.467068018,396.4535684,378.5285112,17.75769652,114.2086714,3.983098818,0,0,0,0,0,0
6.72958019,242.1641459,17975.55323,9.808651156,322.2351015,440.8594348,13.57122272,62.17947698,4.003458052,0,0,0,0,0,0
4.26526964,198.6549758,20063.49033,9.539983929,344.6185348,412.9792013,9.767080689,43.14199975,4.565423282,0,0,0,1,1,1
6.742622398,209.2173441,15488.95675,7.452361819,351.0522422,408.8535622,13.92128166,70.2052406,4.96467264,0,0,0,1,0,0
7.890354274,180.158098,32160.53392,7.773484086,360.2839834,344.5506193,11.24646038,60.29218733,3.209588058,0,0,1,1,0,0
6.039823242,164.0263403,9943.637599,7.723304587,350.7562609,374.7947194,16.66844562,65.54266159,3.923766075,0,0,0,0,0,0
5.226895232,184.7506979,28499.10733,6.550031094,330.7195488,381.5016036,11.04440513,62.01482209,3.403269587,0,0,0,0,1,1
6.581082756,217.538504,24480.6718,5.837151802,310.6329105,476.4586674,11.43423936,48.55190969,3.511369718,0,0,0,0,0,0
8.037430327,148.4153089,48410.47101,4.755879695,268.2118958,392.9012057,12.4666097,85.10589203,2.506238127,0,0,1,1,0,0
5.842933081,168.2952871,19156.12313,6.878347939,331.4776493,506.7568077,14.52615101,80.42371545,4.143224936,0,0,0,0,1,1
7.874671358,195.1022986,17404.17706,7.509305857,364.975499,327.4597605,16.14036763,78.69844633,2.309149057,0,0,0,1,1,1
6.057068041,184.3732318,14807.26849,5.753405052,384.8219665,462.0061696,14.7530554,34.26586026,4.371747854,0,0,1,0,0,0
8.775485734,157.3542892,22113.39145,7.931502717,304.8078454,480.7152078,15.69283855,82.92934548,4.393944466,0,0,0,0,0,0
8.937802408,147.9168921,10562.46054,3.694274999,371.1763132,480.3202177,16.98075499,61.1580474,2.831234426,0,0,0,0,1,1
6.710633528,203.6429167,23748.18399,6.726664086,342.4414335,455.967558,15.87954857,63.67695249,3.863286909,0,0,0,0,1,1
7.574261237,227.9846646,8672.527773,7.335361864,426.1575186,433.6795425,11.23891367,54.86588904,3.686758983,0,0,1,0,0,0
7.486779709,113.1759646,9943.929785,6.337137942,354.2975652,415.3383369,19.67616855,23.075806,3.787475537,0,0,0,0,1,1
8.331553235,255.9535993,15097.02406,8.48242112,361.9714189,471.477419,14.57093189,40.28729832,3.227940799,0,0,0,0,0,0
7.276863125,160.0950858,26561.56949,7.187021658,322.0904652,372.6235293,11.45520341,57.15095807,5.136779753,0,0,0,0,0,0
7.344975869,182.3069422,5689.804405,6.764349993,373.872785,360.1844731,20.4839023,73.48898065,3.418763195,0,0,1,0,1,1
7.873271693,182.6466585,25337.12296,3.715065352,362.4846036,315.189948,12.13242545,65.49992502,3.306392909,0,0,0,1,1,1
6.789820821,197.3000144,22527.68121,5.166942295,399.9817546,422.4820289,15.91660513,47.93510493,4.512068205,0,0,1,1,1,1
4.704698462,160.2118222,5128.457646,8.283068934,357.7310768,344.6937399,14.21953213,34.28841274,4.109924712,0,0,0,0,1,1
7.027185659,179.5780945,47591.28318,8.097301683,324.0385057,548.8705102,13.80007075,58.21980043,3.685592896,0,0,1,1,1,1
6.47613984,215.7217686,21165.59065,7.642952269,348.4749425,315.0781346,13.54318021,46.16900715,4.041580247,0,0,0,0,1,1
6.512239645,198.5646772,21626.56312,5.897104302,389.3369928,296.2607844,9.177841645,46.93525183,5.425794714,0,0,1,1,0,0
5.23000319,176.7140234,27971.89181,7.597980583,413.9140005,440.3553738,14.42361413,72.83737021,3.045612106,0,0,0,0,1,1
4.916819229,162.4567843,22829.12321,4.024455657,360.5904451,541.7723151,11.58014075,63.23536504,3.836703239,0,0,0,0,1,1
6.684699737,193.8409311,34157.18447,9.87657405,344.5354072,498.0639962,8.818756567,66.65935223,4.030659831,0,0,0,0,1,1
5.15839641,197.9797828,17153.30616,7.659203939,329.2803146,575.1146944,11.87098148,69.10983568,4.383921814,0,0,0,0,1,1
7.889079735,208.4023672,24974.69277,7.296281894,276.4022799,453.1669866,12.52967959,60.43501604,4.034040701,0,0,1,0,1,1
7.965337305,151.5418889,25274.6103,7.106043486,352.316182,527.6882417,15.79262497,52.26848971,3.390982111,0,0,0,0,1,1
5.579517093,200.9699224,12700.48804,7.713783212,395.0903643,464.024917,15.08933914,63.6245653,3.756100423,0,0,1,0,1,1
10.41504401,167.4225811,34535.55385,6.354814992,344.309289,491.5167115,19.3558411,45.10401753,4.209136505,0,0,0,0,1,1
9.107330383,202.5147114,24678.32929,5.57590637,334.7173347,467.1107616,12.93732874,46.93525183,4.492139949,0,0,0,0,1,1
6.150595718,169.4027765,23890.89336,7.33596031,375.8011301,373.5482145,15.70432315,48.29949338,4.847520234,0,0,0,0,1,1
6.559252621,181.6301496,22665.13853,7.22106792,267.8256479,521.8735151,10.98542159,76.12635153,3.291942873,0,0,0,0,0,0
8.174186267,244.2490458,31114.82084,4.726912286,285.3320258,418.6196001,14.87362623,56.46415749,4.709402885,0,0,0,0,0,0
6.775631133,154.3725428,15525.39396,6.084132842,343.032161,597.9792737,17.11854325,56.12402405,3.017544306,0,0,0,0,0,0
7.835906989,206.6657881,17643.40715,8.137483669,356.6452541,474.9897733,16.16718554,68.08226489,3.183864093,0,0,0,0,0,0
6.382314604,212.8385143,24259.75167,7.360504475,340.8718191,342.5814436,12.33297914,67.74899138,2.881370055,0,0,0,0,0,0
8.184410006,166.6365538,17944.85238,4.038955039,331.9541994,363.2357556,12.53583833,56.31059225,4.5990822,0,0,0,0,0,0
6.747415283,250.4195546,24539.71316,2.39798499,358.2298656,339.3447401,15.3572898,59.99077027,3.377450524,0,0,1,0,1,1
5.63692356,159.13941,27283.78065,6.918726503,328.9072866,317.8309807,13.61140839,36.33519851,3.007138099,0,0,0,0,1,1
6.582764204,219.1848137,21961.52692,6.987977754,348.9000157,341.2099365,15.17836842,68.98196616,3.668879697,0,0,0,0,0,0
9.434005875,158.38784,20474.82082,5.857333129,285.3951123,476.8420108,14.38834959,73.16477755,4.201054364,0,0,0,0,0,0
7.172323075,191.3894225,14702.05907,6.55710482,313.8662822,525.0310202,12.63018164,108.2652268,3.08421564,0,0,1,0,1,1
6.129637015,200.2781822,30989.94841,8.830102319,348.8681541,341.3885767,9.300117278,79.55361207,4.615886181,0,0,0,1,0,0
7.473235377,223.2649362,19932.58523,5.770106829,317.7088539,590.3251265,13.5569112,89.45357545,3.87771425,0,0,0,0,1,1
8.376279725,248.1328614,27824.19048,7.100523371,343.0579753,433.4498994,18.65888632,53.30375957,5.703962807,0,0,0,0,0,0
8.886979332,180.5639656,26062.44722,8.808963365,327.2235799,378.6589218,17.61865802,48.47598212,4.731195077,0,0,0,0,1,1
5.226895232,127.1175552,7907.330441,6.761928511,335.461842,475.3323571,12.7250097,79.42001294,5.13805579,0,0,0,0,0,0
3.410359671,207.3974729,49074.73041,5.667433467,301.9750112,351.5203926,15.98737034,86.63918586,3.721765769,0,0,0,1,1,1
7.635264692,223.4431113,36290.74611,9.380013284,333.4451998,373.9201602,16.52049596,64.69669078,3.817778953,0,0,0,0,0,0
4.81183249,186.1748407,18085.15884,4.951277048,298.399724,347.9866864,15.7155459,75.59059873,3.068919237,0,0,0,0,0,0
8.990317234,195.8090284,23728.29401,7.50830529,348.7146126,551.5403898,15.25439184,75.90786933,4.494544339,0,0,0,0,1,1
4.921093903,162.3005936,14126.59053,6.406814395,357.8159294,337.7730515,21.23789913,65.70448052,3.285186851,0,0,0,0,1,1
8.018771949,228.1114626,27405.31621,6.491360268,306.2189501,494.6204407,8.716667103,56.18885178,4.356279098,0,0,0,0,1,1
6.128425635,141.4924095,9615.83271,7.62791913,277.9517037,415.0087369,16.43584291,50.69392671,4.633823862,0,0,0,0,1,1
8.736126384,257.2313286,12726.29864,10.32655757,356.4154339,506.3759338,11.33748863,69.42571454,3.368532611,0,0,0,0,0,0
8.28876546,240.6115167,20006.22911,4.907299307,379.7585939,327.305558,13.28583838,83.18441419,3.4531255,0,0,0,0,1,1
6.340027628,225.0281485,45222.50667,5.809031562,363.0057551,435.5004571,11.38593727,80.67031136,3.686001324,0,0,1,0,0,0
8.215123507,194.761215,38119.18557,6.998157842,333.2892162,436.9274171,13.74659793,60.49058104,3.356977982,0,0,0,0,0,0
6.124672271,179.5797525,27951.61307,8.075626886,303.6469276,467.171822,13.83511668,69.01748768,3.631006709,0,0,0,0,1,1
7.283913577,197.6021251,23112.50444,9.502809435,332.3319845,449.3616793,14.45859092,70.00021888,3.571862512,0,0,0,0,0,0
6.768060049,179.8059924,23793.03136,5.332099117,333.1981907,461.5304456,13.5573812,60.571241,4.145806702,0,0,0,0,0,0
6.466874709,214.3372704,14848.12949,7.054937966,304.5732451,304.9563717,12.18082601,77.44763917,3.408168792,0,0,0,1,1,1
8.180755326,178.0796383,25623.8675,7.574082058,391.9182286,353.5070142,19.7494077,74.29530522,3.845422805,0,0,0,0,1,1
7.958984292,163.1672501,36525.55088,5.512927024,284.6242699,522.6005118,14.39551852,78.8684647,4.64569167,0,0,1,1,1,1
2.798549099,311.3839565,26931.24348,7.116897433,233.792588,521.1405236,14.2351542,42.08035327,3.663252222,0,0,0,1,0,0
8.051022203,171.751754,28338.66404,6.392120731,319.0050711,496.9062662,16.19287015,91.12321932,3.767443126,0,0,0,0,1,1
8.92814208,197.6485302,27884.43425,8.968576039,353.0119744,317.5326799,21.49786644,73.01113197,4.111101546,0,0,1,0,0,0
9.609834365,227.3669492,22690.04587,5.38543993,314.3174811,394.7315635,16.98835631,75.33969428,4.308357589,0,0,0,0,0,0
6.549124998,194.2768568,7412.798059,5.836980436,354.8211938,361.0372382,11.6721905,57.31697668,4.421058844,0,0,0,0,0,0
6.552847474,198.8069397,34006.42073,8.691206175,274.9043512,477.1639068,14.36963009,78.17306259,4.687986155,0,0,0,0,0,0
5.089387791,147.9952711,39659.8769,8.424877818,323.6087859,498.7008895,14.94358481,84.25426404,3.054045201,0,0,0,1,0,0
6.957433638,214.380139,15007.42153,6.997160011,328.81876,468.5550615,17.40726104,104.207104,4.89205044,0,0,0,0,0,0
3.691932693,202.5120678,9439.783993,10.34362612,313.138886,543.6858334,15.43618468,65.20510071,3.846606955,0,0,0,0,1,1
8.886979332,166.6966948,14807.41355,6.801860754,269.7075858,536.3369828,13.83929651,77.55032727,3.434798595,0,0,1,0,1,1
7.002479941,210.9797468,21174.40848,7.618884588,333.4825401,572.7434072,15.11084889,90.25245504,4.217553378,0,0,0,0,0,0
7.76414261,253.6620371,13568.2712,9.228602856,256.0895168,554.5736619,13.71173747,97.7140489,3.067033981,0,0,0,0,0,0
7.958984292,171.4836247,23625.81389,9.537735147,259.9799662,327.623881,16.11711046,107.7540426,4.698007916,0,0,1,1,1,1
7.345138417,202.174463,17032.77373,6.212629076,361.440487,600.2950276,17.29974005,89.07786517,4.297994791,0,0,0,0,1,1
6.80011909,217.9449791,37820.04733,8.299339281,285.3320258,367.5700816,15.42103353,36.44661433,2.994780122,0,0,1,0,0,0
9.038326069,227.3576593,34353.83973,5.573277339,231.0536871,421.6644824,16.33142148,92.64338257,3.706265892,0,0,1,0,1,1
7.362331187,215.6372552,28263.31064,6.478948476,302.3936053,417.6082144,16.55254307,56.39934641,3.93356497,0,0,0,0,1,1
9.175586153,281.5942349,47852.88887,8.33027629,314.7837613,422.3182271,9.969135936,64.0705476,2.959684621,0,0,1,1,0,0
6.313114732,217.369746,17984.32744,8.594162885,340.3263144,409.2207765,10.21377929,18.40001219,3.605154199,0,0,0,0,1,1
6.020653841,197.46909,10529.3103,5.30535155,416.4952131,412.011733,9.90931484,59.16700236,5.217131275,0,0,1,1,0,0
6.369111631,235.3409427,34456.80113,9.17093996,295.3505243,357.4172848,9.213267539,59.28026924,2.275903461,0,0,0,0,1,1
7.940713224,197.0499653,10762.93863,7.515814624,384.7911341,406.116784,16.23726535,74.6116535,2.990150891,0,0,0,0,1,1
6.632031569,201.6699331,24161.25498,7.964525125,369.6215854,346.8604045,17.03360168,61.20546989,3.38629429,0,0,0,0,1,1
4.140077139,253.5998382,40626.84781,7.754532621,265.4687494,432.5111967,19.12669539,61.52001832,3.167582571,0,0,0,0,1,1
7.114386719,196.5339601,27022.7085,6.176786259,328.2095662,497.5236046,18.70427854,59.73043815,3.762682466,0,0,0,0,0,0
6.731278124,191.5316301,12885.51691,6.979954608,328.6002209,596.7510259,13.44751311,50.75606432,2.372924722,0,0,0,0,0,0
7.688785916,209.1856253,29568.53585,9.817335635,294.3477322,355.6986132,13.91876862,71.68153964,3.918673156,0,0,1,0,0,0
8.331553235,238.9924141,11635.77208,3.923239294,276.4022799,406.2451288,15.4107638,22.21932677,2.69238888,0,0,0,0,0,0
9.616095703,221.7598179,12538.97403,9.089531144,345.7002573,441.8810049,13.80837511,54.96128525,2.946643668,0,0,0,0,0,0
6.571099217,207.741025,23372.88265,6.280195162,313.8469725,497.9023198,12.87480498,75.4167102,4.555949236,0,0,0,0,0,0
6.642755695,168.8964217,36505.52426,6.062561087,298.5524799,474.0574902,14.29924187,71.70689113,4.299209281,0,0,0,0,0,0
7.388518503,201.0577144,13921.14622,7.766494669,360.508237,560.774729,14.4670949,74.37401767,4.409053528,0,0,0,0,1,1
6.1798098,248.833263,15391.55915,8.014257064,273.0868901,487.625733,9.696477803,69.69702548,3.70432422,0,0,0,0,1,1
6.975209178,169.1887357,18408.29497,5.131839261,342.9376749,350.8943618,19.33423211,86.67732849,6.739,0,0,0,1,0,0
6.615981652,194.980636,20919.05143,6.136369824,311.7778219,383.122057,9.684376378,41.33777496,4.635709127,0,0,0,0,0,0
5.579517093,223.616393,13289.20165,7.698690079,368.897034,375.2759695,20.22442581,104.5808815,4.043914693,0,0,1,0,1,1
5.716251354,184.229295,19393.46986,5.299163637,290.2764546,502.9936866,19.64389586,68.23637028,3.433135385,0,0,0,0,1,1
9.271355447,181.2596172,16540.97905,7.022499179,309.2388651,487.6927878,13.228441,83.66233135,4.333952898,0,0,0,0,1,1
7.031684051,201.0021059,24510.50756,5.818273623,401.268832,371.6163971,12.84681897,89.19243338,4.422182857,0,0,0,0,0,0
7.118980168,160.9626028,32528.11561,5.089127566,292.2878884,440.3178709,10.00814598,61.67980126,5.349210586,0,0,1,0,0,0
4.894278074,184.5527153,10922.54199,7.461702679,352.8302222,338.6810693,21.62471839,91.00793416,3.594990864,0,0,0,0,0,0
6.623613566,203.0301413,17167.3013,6.049600899,311.7262883,410.2432475,15.91450007,65.02122897,2.915165951,0,0,0,0,1,1
8.015780395,180.0603771,12135.72493,6.259376144,310.068681,666.6906183,17.6601492,66.58884906,3.180580187,0,0,0,0,0,0
8.167792632,237.0839483,35434.28006,7.617648684,381.3375272,365.0325034,13.4538722,33.43986771,3.825936697,0,0,0,0,0,0
6.140877557,196.0835555,18592.08392,7.245436362,321.8140325,552.8790337,15.66478617,81.08082626,4.762871709,0,0,0,0,1,1
6.593764313,236.2048888,34822.81634,4.966397254,362.0701745,537.996625,19.08548413,87.80104528,3.778302162,0,0,0,0,0,0
7.436537227,167.3284655,31935.69071,7.896364631,365.4536552,398.5742148,14.82443288,69.25278308,4.497629168,0,0,1,0,1,1
7.114386719,205.9522501,29743.8226,7.518692009,316.5527914,430.2460101,20.72047288,82.39676577,3.893925991,0,0,0,0,0,0
10.93311072,162.4249185,18846.63491,7.085260756,372.6252573,593.7257641,14.97723325,60.69057995,3.894988624,0,0,0,0,1,1
6.838816707,196.1962133,11877.23665,9.624699427,365.3488403,363.8034765,14.92405807,41.12138241,4.776536255,0,0,0,0,1,1
5.499489286,230.3087747,13902.96865,9.619574961,352.0843328,442.1670062,14.74078711,91.20486668,5.846826958,0,0,1,1,0,0
7.635264692,205.0676314,17796.37464,7.156737918,306.8002861,370.561027,17.48681507,32.92072036,3.948303516,0,0,0,0,0,0
7.333477726,175.588146,17092.22583,7.338416847,323.1541152,491.7281423,11.70595337,52.36344174,4.31606325,0,0,0,0,1,1
7.888424515,269.5729132,15761.87137,8.173474688,231.0536871,490.895109,7.025536233,78.50227064,2.998065931,0,0,0,0,1,1
7.946767904,277.1169457,24244.11196,7.561175804,273.3843106,306.8374019,11.79623473,70.01966581,3.038483125,0,0,0,0,1,1
8.062805643,200.493112,11567.88784,9.889949955,344.309289,510.4144025,10.65093547,40.99280881,4.471842,0,0,0,1,0,0
3.272820098,145.4923058,7408.976196,11.99601512,336.6878091,433.7096721,10.45887423,60.48388466,4.318516117,0,0,0,1,1,1
5.284810115,148.8627584,11130.21136,6.82046898,335.6604497,485.805431,13.77335021,60.94434264,3.990242632,0,0,0,0,0,0
5.29419539,234.2713991,26811.20307,3.611358232,369.6084647,570.9750271,12.77577329,44.67568257,3.522454093,0,0,1,0,1,1
6.280905113,178.7072001,16950.01591,7.866135209,370.3263498,388.5526207,10.97143187,74.60802345,3.021288909,0,0,0,0,0,0
9.352719753,207.4651604,23558.55475,6.504916049,346.5165347,420.5945919,10.98668253,83.41383836,3.398264165,0,0,0,0,0,0
6.80011909,242.0080815,39143.40333,9.501694588,187.1707144,376.4565931,11.43246635,73.77727503,3.8549399,0,0,1,0,1,1
9.537878629,200.5575074,20044.20625,7.078689515,303.9193412,335.5548032,16.63617401,71.30902217,3.024556641,0,0,0,0,0,0
6.136907177,151.784319,20561.69473,8.487855965,384.1560786,363.6184916,13.71370292,96.58286502,4.704585018,0,0,0,0,1,1
7.002479941,168.9525905,20518.55543,10.13598691,322.062447,457.646782,9.812921149,56.92186165,3.352436318,0,0,0,1,1,1
7.494391101,205.1907067,25058.16022,6.881658941,327.9493964,313.0915196,16.58907204,72.97674144,3.579651838,0,0,0,0,0,0
6.923636014,260.5931543,24792.52562,5.501164043,332.2321775,607.7735673,15.48302674,51.53586708,4.013338801,0,0,0,0,1,1
7.800421289,210.6703042,19873.30092,7.284675602,306.6473845,448.5956405,7.024747096,55.80350265,3.345910382,0,0,0,0,0,0
7.91803917,197.3575883,22899.06291,8.283955431,295.3510702,358.0973864,12.95778504,71.69435135,3.386109813,0,0,0,0,0,0
6.66400305,199.5887185,15902.94528,5.257789016,346.5845565,347.353336,15.98941896,61.15657454,2.227727884,0,0,0,1,0,0
6.271012171,213.444685,24846.14187,8.372997049,317.2802103,543.3917436,17.91652637,84.57886851,5.303581361,0,0,0,0,0,0
5.872439859,230.8094825,27418.78104,7.136498392,369.3100078,274.6605966,9.5785846,72.37690878,4.197595209,0,0,0,0,0,0
7.486779709,199.6777845,25396.01178,4.960558358,342.4535457,444.6785788,16.11543236,43.1420164,5.048833995,0,0,0,1,0,0
5.896432475,178.0804423,35044.37128,7.760027276,357.0828184,381.6451309,17.55138178,71.11118161,3.761633184,0,0,0,0,0,0
7.795557629,136.0906769,26484.51532,7.555320481,426.5000222,471.4133565,14.5449484,51.49119684,3.629252282,0,0,0,0,0,0
6.153495924,181.2105099,30280.78859,10.38254659,256.6300682,487.9972616,11.34630175,68.84386557,3.779554492,0,0,1,0,0,0
8.757257397,200.1914004,21536.22469,4.915101055,317.8829005,404.7177992,13.76832331,47.93087188,3.626135442,0,0,0,1,1,1
7.37533762,194.8680827,28767.75742,5.074145829,349.9852426,495.0370675,14.24768198,77.0942343,5.127394949,0,0,0,1,1,1
6.175164949,193.2826017,32875.19206,10.89666275,337.5062107,414.9020172,12.99782291,69.86738195,3.341369291,0,0,0,1,1,1
8.550427815,206.5225659,10453.08732,6.482009281,326.1254822,347.8243282,13.99746616,42.29053495,4.903869628,0,0,0,0,1,1
6.958534137,187.7488492,13457.21113,7.363593124,330.7503922,350.6034312,16.71915574,77.67129222,4.1946,0,0,0,0,1,1
5.866250668,146.8656798,19679.06267,4.868479989,320.0123716,414.4270167,15.52277262,84.40368411,4.281313459,0,0,0,0,1,1
7.958984292,148.1530614,15193.41347,9.046832707,307.0117926,563.8047433,16.56865557,52.67618503,6.038184953,0,0,1,0,0,0
7.207538608,174.805168,15796.3997,6.954041337,422.4456808,555.5962107,14.17116415,60.53126978,4.295189193,0,0,0,0,0,0
7.808012212,179.7999166,17037.72537,6.378364494,348.0715106,590.0605459,12.09249934,81.59236188,4.165549906,0,0,0,1,1,1
6.246264054,193.1167939,17388.98256,7.702135354,382.0607072,468.9393445,16.23303855,67.87390985,4.217743745,0,0,0,0,1,1
8.979322853,184.309222,24967.323,6.264584285,335.2169277,485.5831879,8.280181032,63.94417834,4.264944046,0,0,0,0,0,0
6.784279329,222.9806296,32237.24543,5.924658815,336.6527027,526.7760806,9.842433247,77.24198417,4.006631571,0,0,0,1,1,1
6.580043295,220.5754664,27668.48572,6.198069013,327.2217336,474.6276911,11.47022615,53.50804292,4.756446279,0,0,0,0,0,0
6.166348223,192.6176623,36520.6587,7.458969894,324.5051897,474.1478985,16.98636537,82.44020227,4.323989598,0,0,0,0,1,1
7.493843861,197.3312909,26678.39288,7.198434576,269.8923467,375.5030624,13.13491663,69.59080593,3.81994656,0,0,0,0,0,0
6.460033522,215.4406413,35775.7934,6.502544137,307.5634549,365.0941435,8.127542868,77.55495328,3.535597779,0,0,0,0,0,0
7.490786676,202.4580608,26551.3701,7.120772303,312.9340248,306.3455625,17.9981601,67.35607868,4.354535491,0,0,0,0,1,1
5.470802484,213.1604785,18295.37092,6.043395449,306.6473845,317.9484586,13.78926724,49.64245119,2.962852429,0,0,0,0,1,1
8.215123507,155.7628665,30579.37107,3.308977339,333.8024747,344.9505839,13.68602599,77.1826216,4.511384049,0,0,0,1,0,0
7.369988621,236.4767207,18998.34682,7.404434524,359.9305657,357.0662032,18.02033109,58.27125706,3.463852437,0,0,0,0,0,0
7.444165852,211.4463238,20003.49768,7.23830152,359.5161693,524.6452351,13.77822566,49.90089917,3.820865704,0,0,0,0,1,1
8.675192692,200.7359412,15049.5842,8.630380615,356.805465,441.2980876,17.85305375,74.5865113,4.97857536,0,0,0,0,1,1
6.50411278,171.722555,20852.7645,7.704989892,282.1055454,359.4609502,13.4752729,83.62226024,5.396623142,0,0,0,0,1,1
5.433242117,201.7812455,31157.11017,7.286392324,304.4252752,451.5571777,10.84209516,87.63401318,3.675717673,0,0,0,0,0,0
7.62349992,170.4275723,36267.26666,6.040735165,301.2190912,404.5013685,12.49565771,79.94611266,4.764995184,0,0,0,0,1,1
7.408985467,204.9617498,9566.12227,6.505923139,311.4526625,504.1459941,11.53214401,81.10693773,3.772420928,0,0,0,0,1,1
7.34303194,198.5307697,14037.03993,5.788346418,346.5845565,479.2414672,11.09037421,61.10024017,5.288057554,0,0,0,0,1,1
9.495456382,185.8785944,18088.35485,7.527375309,388.7686566,409.4509977,12.39770353,63.35914373,4.168541279,0,0,0,0,1,1
8.447404488,163.9499045,19583.05735,6.433183888,334.6558859,547.0238303,18.23871124,45.66831799,5.21830711,0,0,0,0,0,0
6.616649175,201.7808472,17063.17211,8.353373632,360.6123098,491.7240649,10.35399456,60.00918382,3.881767178,0,0,0,0,1,1
7.466558358,212.8160295,16679.67362,5.436264152,366.6013443,358.9095886,6.13421041,46.65542923,4.991674871,0,0,1,1,1,1
5.842754601,202.0447753,13969.26156,6.643918028,290.7959545,475.1429562,18.18983851,77.93110395,4.490392564,0,0,0,0,1,1
5.603325961,207.8971872,36873.55799,7.6313458,404.6729209,511.4375201,13.51523573,85.34558485,3.900421361,0,0,0,0,0,0
5.941265556,179.9548616,26562.44718,6.803287747,333.4451998,431.9691822,14.63240137,75.43402882,2.227370875,0,0,0,0,1,1
6.223677775,238.0842107,22423.49521,9.3367738,426.5435898,474.6653317,14.02776594,80.77427549,3.919575057,0,0,1,0,1,1
7.051396426,187.4188826,15423.38728,8.871523756,341.5626733,561.7907605,14.2806067,97.41888566,3.172091114,0,0,0,1,0,0
7.266598792,98.45293051,36490.14303,7.138813886,423.1874849,502.8830673,7.360771583,76.29028546,4.952733208,0,0,0,1,1,1
4.815766791,217.6870932,16392.13507,7.461170474,278.7422964,481.4808283,15.5172963,77.6933736,4.375223811,0,0,0,0,1,1
5.38984593,163.3443524,19646.23342,9.092721173,314.2375769,491.750448,15.49632541,48.68658362,3.577674921,0,0,0,1,1,1
8.121253676,200.3536957,25412.70974,6.547649991,314.0907378,411.9869872,12.4193592,59.76319386,4.428311683,0,0,0,0,1,1
6.323040314,227.5539717,24463.13742,6.261933699,383.5198922,399.9474527,17.91265239,71.15122246,4.749424236,0,0,1,0,1,1
6.300001767,172.3502811,40682.144,4.242828909,302.6118585,485.6724565,18.73793089,64.80854586,3.709437181,0,0,1,1,1,1
8.746985976,148.3937237,22174.78114,5.459171833,369.3698813,407.3808249,15.89207853,72.16401932,4.763730536,0,0,0,1,0,0
5.754212968,241.6024296,31871.29124,7.29930192,203.4445208,495.9453442,22.76370742,71.42897842,5.920233915,0,0,1,0,0,0
6.761413709,216.532498,32156.81944,8.723064212,343.6011043,526.3252137,20.31469147,60.52159304,4.350206872,0,0,0,0,1,1
9.484703254,273.2556208,44506.44156,8.412688131,233.792588,485.6472319,14.70501353,52.16423594,4.124780678,0,0,1,0,1,1
4.758648347,203.5378325,23603.06542,7.667128479,324.0843341,288.9124568,18.06495658,85.9166662,4.405508764,0,0,0,0,1,1
8.64664295,201.4390645,32571.05452,9.959355418,378.4305007,338.4978145,13.26153797,66.22939448,3.333242682,0,0,0,0,1,1
8.512780909,157.6669175,33092.66935,6.765469172,305.8555705,377.6189451,13.30939096,43.01942665,4.026622094,0,0,0,0,1,1
6.550877193,145.8062707,25070.00874,5.716378673,285.2189427,369.6130841,8.654764784,63.41017814,4.824825939,0,0,1,0,1,1
8.058135997,191.2779316,29298.35949,6.12917258,356.6452541,278.5026326,12.60620441,65.51136125,3.13060894,0,0,0,0,1,1
5.195920669,175.1571552,33473.11252,8.407449954,319.2536314,484.2798902,16.81276697,94.35695427,5.375901894,0,0,0,0,1,1
12.24692807,217.3680142,11318.14056,8.465160384,375.8947584,347.6530538,9.762504595,73.83240481,3.533243425,0,0,1,1,1,1
7.089184187,179.0458381,21065.66366,7.471614406,377.7780241,571.5755053,12.62310429,85.24117892,3.266028512,0,0,0,0,0,0
5.573201157,229.1749865,15613.16053,4.157901706,383.4811157,409.0665769,10.75190372,63.7585161,3.599624661,0,0,1,0,1,1
5.584086638,209.5316973,44982.73415,8.898023978,273.3843106,349.3852354,15.6532987,65.44456252,3.832478703,0,0,0,0,1,1
5.126762923,230.6037575,11983.86938,6.303356534,347.0622407,402.8831131,11.16894622,77.4882131,4.708658468,0,0,0,1,1,1
7.348611231,214.7158899,32742.18733,6.351029022,320.0651061,438.0443314,15.79257423,55.36645622,3.544537268,0,0,1,0,0,0
4.281522089,188.7835766,22330.46679,6.957676199,325.160819,306.6925042,16.27485657,82.59522269,4.371167168,0,0,0,0,1,1
5.986593892,275.8865128,21229.08331,8.940429867,314.7837613,354.1118604,11.78338316,92.22773294,5.051493874,0,0,0,0,1,1
7.817901281,221.0897082,13742.14597,6.373737432,287.6984809,460.5992142,12.7048272,66.77759954,4.622667687,0,0,0,1,1,1
6.506487767,202.2859379,17087.0769,6.201982767,326.6623683,481.7719343,16.53518593,46.20574791,3.548775589,0,0,0,0,1,1
6.922041828,201.4101227,16515.87217,8.463003514,357.9352223,336.0464515,20.92910324,60.52090426,4.242947216,0,0,0,1,0,0
10.27244427,163.6246234,18894.85239,10.06820537,269.6466556,446.4507253,11.85691442,82.44550327,3.179884727,0,0,1,1,1,1
6.66400305,197.712183,12962.38967,6.476583882,362.7219539,503.8430011,18.89239348,80.34634784,3.500848662,0,0,0,0,1,1
4.801154368,180.7728708,13556.7344,8.977286381,322.062447,587.3950117,12.40136807,62.02818652,4.418638132,0,0,0,1,1,1
6.615981652,183.2199042,20311.40247,6.790897373,381.4590235,344.967064,11.13845911,71.70459492,3.887361927,0,0,1,0,0,0
8.594416135,270.0227059,15791.67535,5.912690624,374.8435383,672.5569992,20.18405147,54.96128525,3.568991708,0,0,1,1,0,0
7.027185659,204.3847939,32951.31637,5.995276838,324.5051897,339.6418823,4.473092264,71.19049628,4.905229739,0,0,1,1,1,1
4.704698462,179.1549564,18282.06928,7.874879211,326.1868555,397.2211509,9.438369333,57.85107898,2.757856838,0,0,0,0,1,1
7.617151922,182.689825,33744.16681,6.225933056,369.5529578,327.2282451,14.06559734,82.78192571,3.422543431,0,0,0,0,0,0
7.376161138,199.1701598,17181.00881,6.602451653,388.0285172,357.3729312,16.94829245,75.8861599,4.010235394,0,0,0,0,0,0
7.487573364,149.7687439,28837.3304,8.560974485,426.1575186,531.1809979,9.536536617,57.949476,1.801326999,0,0,1,1,1,1
7.138374317,184.7452288,22575.18858,6.907714498,384.1560786,504.8656928,18.50376189,66.13698819,4.144872251,0,0,0,0,1,1
5.488314309,135.8023617,21485.1532,8.187415791,280.6032867,441.3311375,14.86026268,88.28734556,5.066786272,0,0,0,0,1,1
7.864649673,218.1531069,23045.72625,7.432010935,349.9228521,414.3651494,14.78598251,72.60797967,3.585933522,0,0,0,0,1,1
10.50966863,213.8768725,16786.92541,6.624220206,326.8531854,411.2169781,16.59093153,67.74551459,3.505078834,0,0,0,0,1,1
8.179890443,258.9019393,17291.61826,5.184409631,304.5279374,434.5042383,12.81302796,51.09571105,4.295737731,0,0,0,0,0,0
4.705356496,103.173587,19555.76505,6.76729799,327.5332765,370.1781664,9.182833652,93.90048587,3.437450134,0,0,0,0,1,1
8.238878989,205.4389768,20113.89757,7.248374249,317.2802103,558.9538726,23.95245044,68.24220581,3.651864699,0,0,0,0,1,1
8.238878989,198.2134051,11451.31222,5.30898956,309.3294235,401.0637637,13.24332928,81.19771043,2.784712797,0,0,0,0,1,1
1.431781555,228.1303829,12937.24689,6.214772832,319.7341365,495.3798827,12.03334396,61.14111864,4.948442556,0,0,0,0,0,0
7.313446756,158.7074718,23154.06232,4.143329384,276.5501613,436.5172742,10.89008481,87.91253015,2.220639923,0,0,0,0,1,1
7.503085765,186.713329,32000.17894,7.641776467,315.9741471,473.5316111,12.0491306,43.28047646,4.305513625,0,0,1,0,0,0
7.650683237,239.4901476,15326.92501,8.927896393,373.4363117,425.3363525,17.88359172,18.40001219,4.043710884,0,0,0,0,0,0
5.361211666,171.315543,24709.72886,4.184890692,366.8149789,490.658747,15.12267225,33.1196126,1.81252894,0,0,1,0,1,1
3.84645395,211.7572051,14686.28339,7.557872729,326.9121339,371.2693736,21.7651695,35.78152885,3.143430669,0,0,0,0,1,1
5.667650647,229.9283665,16953.89874,8.774306102,293.5742499,554.1205362,14.25464074,54.43670238,3.633213756,0,0,0,1,1,1
9.172624519,165.6875477,11319.10623,6.618852759,372.5547131,420.4291096,13.35325927,72.97405084,3.686395202,0,0,0,0,0,0
8.053043682,211.7832353,37086.54605,8.267536832,251.4434997,512.8990364,19.16662023,73.24898433,3.301574895,0,0,1,0,1,1
5.497580321,204.6828696,29493.42297,7.604130349,323.6087859,476.8444591,16.6724146,83.41383836,5.060114929,0,0,0,0,1,1
10.0596421,175.8758278,5232.913254,9.674174823,368.387038,477.9837557,16.47052774,62.60455114,3.81878876,0,0,0,0,0,0
5.141506877,111.9940275,11288.63472,5.841749874,389.2256729,315.229665,12.98247562,81.15923928,4.510578266,0,0,1,0,1,1
5.284810115,250.6234728,30797.52,6.381452049,307.5634549,338.8141646,17.50851596,74.72782069,3.36517444,0,0,0,0,0,0
8.50697907,197.7451412,20098.19952,6.456555757,344.1272534,555.9197962,9.028358906,78.93309631,3.881793835,0,0,0,0,0,0
10.14629048,242.1517339,24649.67475,4.803372505,347.0697246,348.4840391,17.61479894,73.00154536,4.481552363,0,0,0,1,1,1
5.564342491,256.20883,11245.73577,7.212253931,329.3383664,369.5555133,15.64005334,51.1503444,2.285987849,0,0,0,0,0,0
5.462355935,187.7095327,11642.149,8.439641071,260.2612056,534.6639449,8.129792646,74.60371287,4.486180492,0,0,0,0,0,0
7.187765846,184.156604,31125.74043,6.377789861,352.9160163,472.2741221,14.80789339,61.96388774,3.78412078,0,0,0,0,1,1
6.425873866,188.9802815,11965.39651,7.571122584,365.4536552,502.9910878,13.86648723,96.81811277,3.731936503,0,0,0,0,1,1
6.903074331,206.9225044,17947.98811,7.048017331,290.7959545,601.9852229,11.77510971,58.17625506,4.473887011,0,0,0,0,0,0
6.731278124,229.1288895,15058.13875,5.119307359,315.8800985,443.9584388,13.78257919,76.27383934,4.190484029,0,0,0,0,1,1
3.410359671,218.9864062,9836.401847,7.064672495,328.724289,386.3452475,15.54796357,57.32811606,3.837256627,0,0,0,0,0,0
4.3107015,138.4318942,11842.75781,5.607450056,364.4584974,426.3695925,19.58832712,48.11862873,3.172375491,0,0,0,0,0,0
8.552782416,217.8033177,39030.6037,6.986705178,373.7461928,340.5662445,19.08488285,53.85605542,2.940847996,0,0,0,0,0,0
4.81183249,150.4512796,27547.80706,7.569543693,296.0021941,521.5615613,16.29583717,44.28855177,2.860992949,0,0,0,1,0,0
11.301794,77.4595861,39227.61946,8.517986143,337.5012466,410.8561139,14.32688885,53.12125964,3.309580397,0,0,1,1,1,1
5.830542049,165.4670247,30021.25708,8.433096578,334.3977773,494.1545047,16.66661347,69.58025301,5.19211665,0,0,0,1,1,1
5.678220967,143.1865077,18377.00826,7.145335458,418.2472281,359.7747111,18.71447808,77.44763917,5.42978174,0,0,0,0,1,1
7.880685943,226.0038444,19486.88184,6.208574003,356.3380794,472.3690935,11.9952395,55.02916552,3.579983811,0,0,0,0,0,0
6.744799075,204.0843182,20215.69752,6.125251638,304.5279374,544.3393171,12.014243,72.60807608,4.86854263,0,0,0,0,1,1
3.148712285,142.2720842,23257.20883,8.279275414,293.1607997,391.8413032,8.92359387,68.31661212,3.465637836,0,0,0,0,1,1
7.395450847,190.4778917,22561.50831,8.310194998,294.0303949,413.910293,13.30137364,63.41017814,4.990235633,0,0,0,0,1,1
6.14301848,147.4719727,34865.32463,3.684462664,285.4551018,475.4452677,20.93935933,54.19852017,5.37040341,0,0,1,1,1,1
8.034011917,204.9238286,12556.75405,5.789007614,359.9517664,610.7675763,16.01264274,52.44232579,3.257744181,0,0,0,0,0,0
9.349469962,252.1484987,13137.49076,6.173823145,320.323984,349.8160843,13.10989785,58.80129097,3.778022672,0,0,0,0,1,1
8.822610384,216.432576,27109.23965,7.322162833,274.4933955,384.018547,15.95549106,78.82888343,4.415596156,0,0,0,0,1,1
5.548181849,204.2598994,39997.7837,7.027226156,319.2029353,431.9724289,15.4003962,41.95229157,3.945460484,0,0,0,0,0,0
5.15839641,175.8339443,36819.98684,7.650455253,322.0219095,344.7160528,16.91891559,63.35914373,3.524413842,0,0,0,0,1,1
6.360195819,198.9114491,13742.13949,7.441486516,338.4095764,423.6256486,11.91589992,57.71314936,2.713248379,0,0,0,0,0,0
6.844350911,197.4604694,23608.86224,8.396404626,346.6287352,526.4259147,10.87809626,62.03714341,2.877062813,0,0,0,0,0,0
5.05074838,129.8832965,8906.975623,6.82790088,327.5517887,525.224717,17.65741087,32.18537822,3.842113986,0,0,0,0,1,1
7.520518927,228.5626115,22160.81966,7.473798523,251.4434997,545.1466502,16.46063365,90.94494369,4.227765964,0,0,0,0,0,0
7.802426084,232.67028,14382.90216,7.626922907,303.7341659,413.2921835,15.49560337,42.00208201,4.363529881,0,0,0,0,1,1
9.462666017,225.399307,12224.6246,2.981378966,387.0987201,485.6972741,13.2043938,62.29769896,2.850183766,0,0,0,0,1,1
7.455541163,225.3141509,16242.06028,8.20410214,350.1080935,331.6738244,13.11496542,60.16214813,2.930364596,0,0,1,1,1,1
7.793833573,176.8664829,18344.68036,7.567676884,338.2295973,371.216973,9.039042454,76.28807631,4.172935335,0,0,0,0,1,1
5.05074838,191.7222061,18252.07599,8.11811515,284.2150724,373.7412285,18.04543229,91.85193802,3.930290663,0,0,0,0,0,0
6.017260924,206.0143998,15157.26879,7.582123856,307.7044736,431.7819875,14.22175704,53.31997717,4.427712282,0,0,0,0,1,1
7.521051679,267.0596474,26865.37374,10.44945031,307.5634549,505.7093717,16.23774577,57.03778017,2.880785347,0,0,0,0,1,1
8.713482927,169.5785262,23838.81726,8.162687602,317.5014397,478.9830185,14.52090356,63.94526993,2.922194979,0,0,0,0,1,1
7.940713224,171.4349805,39207.58925,4.710509992,354.4446094,381.6854172,20.2120884,97.41888566,2.812503635,0,0,0,0,0,0
8.466013448,224.1749356,22523.12455,6.668868088,286.9439221,330.0447146,17.74409576,77.81780421,3.94662054,0,0,0,0,0,0
4.872560878,224.7051051,16960.43463,7.078014889,323.0368521,354.3906043,15.69217561,79.96280267,3.918005799,0,0,0,0,1,1
8.433443104,224.856089,12833.46124,6.179495871,327.5332765,411.8499495,17.40042588,72.91730528,3.824734138,0,0,0,0,0,0
7.650683237,163.9572402,19516.89804,7.178777064,393.8409175,587.8415806,14.8426735,69.00685628,4.169924018,0,0,0,0,1,1
9.778181813,155.9374414,23335.67421,7.66610873,317.2567883,356.5430368,10.82460037,75.32889227,4.143365319,0,0,0,0,1,1
6.692531669,200.4043509,37033.15209,4.727072323,280.8449162,376.6727942,12.48525699,57.81848371,2.942115367,0,0,1,0,0,0
6.166348223,157.7815547,13711.72328,6.133935144,319.3540394,289.7466744,13.1727213,60.45776434,5.068469998,0,0,0,0,1,1
5.023380784,136.9768791,15040.84148,7.58802134,409.9187017,454.8848091,14.24509139,71.9838514,4.477351412,0,0,0,0,1,1
5.161878763,179.6364093,18666.56364,5.196132621,400.8960233,485.3119536,14.05970778,75.82204966,4.320100541,0,0,1,0,0,0
5.842754601,196.2488574,17909.36578,3.672270533,365.3011352,417.2873151,14.5570684,57.73465248,3.888235227,0,0,1,0,0,0
6.071838864,217.8265309,17162.75393,3.521125217,319.0373458,612.0949257,16.54223929,64.82630837,2.691610395,0,0,0,0,0,0
5.757088957,196.3346728,24108.12755,7.8431436,352.6239117,428.7706104,10.28767317,73.44593376,5.034682957,0,0,0,0,1,1
7.945909069,213.0664067,16769.89055,4.745340497,292.4192469,478.1667105,14.18985646,82.05440434,3.58543125,0,0,0,0,1,1
7.098245544,207.5353809,22671.47976,6.28458211,295.5856857,297.1064944,17.10532774,71.02082543,4.909571475,0,0,0,0,0,0
7.191962029,228.4099426,15395.46908,7.398602629,334.7776185,294.9155842,13.93229333,50.74836454,4.102719041,0,0,0,0,0,0
6.724639342,223.1754155,41552.01966,7.744699887,271.1571199,463.8852159,13.16503461,61.05879567,2.921414772,0,0,0,0,1,1
6.069615757,186.6590397,26138.78019,7.747547481,345.7002573,415.8869545,12.06761957,60.41992108,3.669711704,0,0,0,0,1,1
8.197353369,203.1050914,27701.79405,6.472914286,328.8868376,444.6127236,14.25087508,62.90620518,3.361833324,0,0,0,0,1,1
5.191834327,211.0941848,14866.10386,7.238691301,323.1092851,388.7165795,17.78000011,83.50540623,3.859800939,0,0,0,0,1,1
7.48678088,151.2025915,31130.21264,4.584071245,305.8285533,351.5754114,18.9385279,53.13713188,2.748428797,0,0,0,1,1,1
7.95502634,244.3958981,32405.41386,3.318045046,307.6435614,433.9118039,16.2544834,67.68077377,3.955916726,0,0,0,0,1,1
7.272362197,229.0871406,16404.75948,7.589753626,272.2769116,518.6094797,17.87895558,67.10441715,3.99658137,0,0,0,0,1,1
8.575673022,197.5602828,15888.62521,4.865462912,311.557381,464.7255668,18.73692675,40.22452083,3.506229064,0,0,0,0,1,1
7.191493719,175.4607816,34933.7844,5.427532729,332.1960482,411.3020866,11.66599465,60.28193206,4.320683961,0,0,1,1,0,0
7.610509211,208.817812,34538.54404,5.600619955,301.7872407,470.7403123,15.66890769,35.36505392,4.692217919,0,0,1,0,1,1
8.075494508,240.984187,11429.2012,5.515977392,267.6808262,323.1575175,8.666283308,88.67926505,3.802426744,0,0,0,0,1,1
8.811472248,270.2095492,12138.42295,10.52055501,360.2955743,437.5154214,15.95268036,67.87849673,5.587395988,0,0,1,0,1,1
7.896743922,197.6020777,9407.664039,9.610055886,400.2745792,270.7940588,11.30058731,53.20184836,4.889458166,0,0,1,1,0,0
5.648628538,191.6651832,18964.09226,8.14835847,318.9924059,354.1018299,15.07245018,84.11567338,4.600663396,0,0,0,0,1,1
4.126528715,125.4748835,11215.9459,5.366011336,261.4447977,445.2414569,18.57592068,86.43365536,4.460200984,0,0,0,0,1,1
6.277742483,149.5632817,15751.44915,8.257751125,317.5014397,605.3983749,15.21837835,82.70347041,5.255011943,0,0,0,0,0,0
6.730427772,183.9152962,9258.767076,8.005172947,345.0719544,320.6678654,12.06680799,56.43748499,3.961942035,0,0,1,1,1,1
7.021295306,225.3504984,23109.85423,5.907272718,320.535989,459.89989,13.6700989,77.3399182,3.675557956,0,0,0,0,0,0
7.957113516,199.1075048,20425.76649,8.171994841,380.0781732,333.1565382,14.5378502,62.24635787,3.729873301,0,0,0,0,1,1
6.339142826,167.4197106,16364.15941,8.095991372,312.3940785,372.5116274,21.88708769,91.06635625,3.355765016,0,0,0,0,1,1
8.140344463,153.7481702,50793.89892,7.843497716,306.2189501,423.4559057,14.32201887,65.0766099,4.362792108,0,0,1,0,1,1
8.154531511,168.0989354,21361.19705,6.19884398,336.6878091,419.173312,12.30266857,59.88736706,2.460464867,0,0,0,0,1,1
7.9373922,170.4453284,6626.376426,5.117364166,372.6252573,316.0224661,23.13595214,73.78621149,4.27085115,0,0,1,0,1,1
3.989032078,216.0761379,40175.20609,7.487422757,309.8007964,399.0471809,11.18673889,86.95746387,4.409414176,0,0,0,0,1,1
9.756577628,244.4613421,17940.09908,7.149052944,350.1080935,337.7135686,23.66766678,73.23346576,3.749009258,0,0,0,0,1,1
8.618653849,257.595883,11595.35498,6.39993325,383.4811157,343.7400072,15.33116646,75.6874006,4.141341849,0,0,0,0,0,0
7.276863125,205.2351938,22613.29748,6.485809597,266.6393836,313.0096389,11.62360464,28.40087734,3.978495494,0,0,0,0,1,1
9.484703254,222.2687211,18406.59418,8.183988309,368.897034,395.4487992,9.47598138,79.85232988,3.71095754,0,0,0,0,0,0
9.868877881,143.3002003,16263.16747,6.229736564,389.2256729,503.6640851,19.58549658,66.02679551,3.451740047,0,0,0,0,1,1
6.256651148,181.0723073,16905.80152,11.58615108,356.4154339,481.3070516,10.63974342,74.55724056,4.181050753,0,0,0,1,0,0
6.272474991,190.2007131,14642.20554,9.734512546,399.0529411,448.5682598,16.55717663,74.43538862,4.61253578,0,0,1,0,1,1
7.338826111,229.9786941,12603.40037,5.975488073,351.3188263,370.8606317,19.38933723,79.97164725,4.017061119,0,0,0,0,0,0
9.00435217,222.4897832,16544.8275,6.124095174,320.323984,411.1936211,16.03691425,67.26466878,3.527893471,0,0,0,0,0,0
5.198224971,173.1198213,11178.40354,5.893458352,343.2098764,390.065616,14.16089949,65.43300784,3.807318103,0,0,0,0,1,1
7.736312841,225.0631028,19496.84859,7.158342921,289.9459845,433.9740225,15.15381695,74.76510056,3.700916676,0,0,0,0,1,1
6.978664262,183.2427962,23114.44608,6.500825402,323.1557769,470.0787053,16.08284748,65.99571677,4.766943236,0,0,0,0,1,1
9.622105987,182.9097278,30307.21767,5.657004243,422.4456808,573.3304971,17.69971822,45.90678242,3.975571849,0,0,0,0,1,1
6.728004386,201.1268956,22888.78806,7.663987986,319.4634909,325.5375394,16.78830607,58.96122018,4.410697353,0,0,0,0,0,0
6.115180039,226.0844294,24699.5239,6.707523246,298.3293394,429.7066808,14.53607988,71.04548037,3.69086186,0,0,0,0,1,1
6.140877557,197.8760897,26687.87448,7.587196418,329.2318529,548.0727613,15.83633021,41.26364788,5.359460295,0,0,0,0,1,1
8.143483376,182.4324572,10673.58267,6.607835039,393.8409175,427.5452192,13.71933088,77.76933408,2.572830423,0,0,0,0,1,1
5.158722568,119.09384,33892.24595,7.572175377,407.4768487,325.2025697,16.96398151,73.22483273,4.094605278,0,0,0,0,1,1
6.514415093,198.7673513,21218.70287,8.67093692,323.596349,413.2904501,14.89999957,79.84784281,5.200885077,0,0,0,0,1,1
11.21913474,237.5826728,21871.78517,3.074316127,356.805465,374.0216552,15.80445089,64.486384,5.749585831,0,0,0,1,1,1
5.500186641,254.672705,21082.85204,8.369354098,347.8165145,469.795375,13.49640431,60.04586666,4.178478951,0,0,0,0,0,0
6.136907177,205.6387903,39742.97033,4.660528471,323.9564921,509.5464193,11.67484982,55.04267885,3.916745527,0,0,0,1,0,0
9.54025224,224.0545823,31683.86459,11.99429022,315.359085,493.836379,19.09359914,81.39372182,3.329503899,0,0,0,1,0,0
9.564853066,251.8066655,17156.33671,6.253179732,346.7052091,410.3224303,18.62712569,82.95587204,3.182805359,0,0,0,0,1,1
6.448191032,181.5898853,18460.67893,8.727866524,352.8302222,353.6042916,13.93942471,73.99053906,3.932210321,0,0,0,0,1,1
5.671773833,216.0428111,15949.15318,7.500573233,330.5521729,372.5352428,17.89572372,77.45788496,3.833159746,0,0,0,0,1,1
8.397248096,199.4958113,16772.22625,8.117217578,343.4037644,402.4649056,17.23604716,75.8535486,2.835794284,0,0,0,0,1,1
8.550525459,209.6824662,22377.27295,2.654490954,322.1560371,413.6735861,12.99676073,42.98984918,4.591997454,0,0,0,0,1,1
8.28876546,211.4527443,11234.04147,6.385510464,360.8433115,525.0886107,15.0985705,62.9999989,3.580523461,0,0,0,0,1,1
7.274756855,195.1180298,21496.74514,6.571089752,360.6978151,418.3735821,11.38254346,81.23560797,4.271580716,0,0,0,0,0,0
7.703356821,193.5771567,19671.35123,7.568896606,342.6734093,322.7356853,18.51158554,77.71030699,3.481517395,0,0,0,0,0,0
10.55027327,185.1658146,32150.97939,8.933966139,352.0186379,566.3793974,14.28296053,85.39339919,3.951304463,0,0,0,0,0,0
6.839415898,166.8669704,28508.6378,7.238828645,374.8435383,460.7659944,11.37873797,73.46513313,2.854526552,0,0,0,1,0,0
8.721726711,206.3696824,28608.05208,6.325442404,377.4045382,506.9383527,13.55375101,42.38148394,2.555026904,0,0,0,0,1,1
5.830542049,172.2146828,26653.76497,7.271684606,335.8944564,510.0297248,13.80987403,85.38168152,4.492387447,0,0,0,1,1,1
6.11602398,158.7289014,22481.02732,8.467065245,274.2923054,458.9929359,15.49528414,58.21980043,3.984308829,0,0,0,1,0,0
5.600876517,183.573783,20411.66438,9.753766228,336.4048187,368.359984,11.09587801,66.82012406,4.362033669,0,0,0,0,1,1
8.550427815,214.5936849,22038.51162,6.19962761,294.241392,332.472542,18.46952817,46.04628652,4.238535197,0,0,0,0,1,1
6.683367697,272.1116985,18989.31677,5.336201994,336.5551001,307.725009,20.17871618,75.40226028,5.208061134,0,0,1,1,1,1
5.548124947,217.0182595,34006.76875,6.647425228,331.4029471,430.2696637,15.64703607,64.98064195,4.599235865,0,0,0,0,0,0
4.02905271,203.3868565,42327.16802,8.550483092,279.6752556,503.7324283,13.75883583,46.38406377,4.179656267,0,0,0,0,0,0
4.405327147,169.7425372,15039.71041,6.308198373,352.9177334,424.2511621,14.44175361,79.16959736,4.086867245,0,0,0,0,1,1
